id,total,refund,method,card number,card name,cvv,expiry date,username,password,mobile number,provider
2,10.0,false,PayPal,,,,,rah@gmail.com,securepassword,,
3,15.0,false,PayPal,,,,,ugly@gmail.com,securepassword,,
4,15.0,false,Mobile,,,,,,,1234567899,AA
5,5.0,false,PayPal,,,,,jordanyan@gmail.com,12,,
6,10.0,false,Credit Card,1234567887654321,Rah,123,05/28,,,,
7,5.0,false,Mobile,,,,,,,2222222222,ROGERS
8,10.0,false,Mobile,,,,,,,2345555555,fido
9,8.0,false,Mobile,,,,,,,1445566663,FIDO
10,15.0,false,Mobile,,,,,,,5655444444,ROGERS
11,20.0,false,Mobile,,,,,,,2345534566,fido
